{"_runtime":9.842126799999999,"validation_loss":1.3721147775650024,"_wandb":{"runtime":15},"_step":349,"training_loss":0.9244816899299622,"_timestamp":1.7370448788423784e+09}