{"_step":3499,"validation_loss":4.296445369720459,"_wandb":{"runtime":55},"training_loss":0.13022518157958984,"_timestamp":1.737044964738682e+09,"_runtime":51.5452617}