{"_timestamp":1.7369685317485225e+09,"_runtime":8.5607557,"_step":799,"training_loss":2.2944839000701904,"validation_loss":2.2945460081100464,"_wandb":{"runtime":8}}