{"validation_loss":5.5921138525009155,"_wandb":{"runtime":529},"training_loss":0.013801188208162785,"_timestamp":1.736971092851067e+09,"_runtime":529.6683573,"_step":69999}