{"_wandb":{"runtime":9},"_runtime":9.8634365,"_step":699,"training_loss":2.304901123046875,"_timestamp":1.736969521690079e+09,"validation_loss":2.2555997371673584}