{"_timestamp":1.7369684424623802e+09,"_runtime":10.7944002,"_step":699,"validation_loss":2.2580257654190063,"_wandb":{"runtime":10},"training_loss":2.2111146450042725}