{"training_loss":0.8303694128990173,"_timestamp":1.7369697057842267e+09,"_runtime":10.8892138,"_step":699,"validation_loss":1.3934665322303772,"_wandb":{"runtime":10}}