{"training_loss":0.8872354030609131,"_timestamp":1.736969734385878e+09,"validation_loss":1.567497730255127,"_wandb":{"runtime":10},"_runtime":10.5439539,"_step":699}