{"_timestamp":1.736967660134271e+09,"_runtime":11.9024659,"_step":699,"validation_loss":2.3586636781692505,"_wandb":{"runtime":11},"training_loss":2.242400884628296}