{"validation_loss":2.3674007654190063,"_wandb":{"runtime":10},"_runtime":10.1762983,"_step":699,"training_loss":2.211150884628296,"_timestamp":1.7369664492248635e+09}