{"validation_loss":1.5193533301353455,"_wandb":{"runtime":20},"training_loss":0.7915440797805786,"_timestamp":1.7370441634407601e+09,"_runtime":13.2981331,"_step":349}