{"_step":2099,"validation_loss":2.2743412971496584,"_wandb":{"runtime":14},"training_loss":2.4611501693725586,"_timestamp":1.7369684945761373e+09,"_runtime":14.7445058}