{"_wandb":{"runtime":8},"_runtime":8.0125691,"_step":499,"training_loss":2.294492244720459,"_timestamp":1.7369685128837454e+09,"validation_loss":2.3662636280059814}