{"_runtime":9.1303076,"_step":699,"validation_loss":2.3515912294387817,"_wandb":{"runtime":9},"training_loss":2.429900646209717,"_timestamp":1.7369679136652334e+09}