{"validation_loss":3.7231428623199463,"_wandb":{"runtime":60},"training_loss":0.08135160058736801,"_timestamp":1.736970221892045e+09,"_runtime":60.4522908,"_step":6999}