{"validation_loss":2.264308452606201,"_wandb":{"runtime":11},"training_loss":2.211150884628296,"_timestamp":1.7369671836075902e+09,"_runtime":11.735009699999999,"_step":699}