{"_step":69,"validation_loss":2.316219449043274,"_wandb":{"runtime":5},"training_loss":2.336148500442505,"_timestamp":1.7369664243448493e+09,"_runtime":5.2915883}