{"_step":18896,"training_loss":0.1011352464556694,"_timestamp":1.7369727954695158e+09,"_runtime":148.3373456,"validation_loss":4.827115774154663,"_wandb":{"runtime":148}}