{"_runtime":10.0227789,"_step":699,"training_loss":2.211150884628296,"validation_loss":2.3830257654190063,"_wandb":{"runtime":10},"_timestamp":1.736969561949996e+09}