{"validation_loss":2.273044466972351,"_wandb":{"runtime":8},"_runtime":8.5465809,"_step":699,"training_loss":2.0863068103790283,"_timestamp":1.736968551499943e+09}